{
    "products": [{
        "product_name": "Tiles",
        "locations": [{
            "location": "Living Room"
        }, {
            "location": "Bathroom"
        }, {
            "location": "Kitchen"
        }, {
            "location": "Outdoor"
        }, {
            "location": "Commercial"
        }]
    }, {
        "product_name": "Stones",
        "locations": [{
            "location": "Living Room"
        }]
    }, {
        "product_name": "Marble",
        "locations": []
    }, {
        "product_name": "Wood",
        "locations": [{
            "location": "Auditorium"
        }, {
            "location": "Sports Room"
        }]
    }, {
        "product_name": "Wallpaper",
        "locations": []
    }, {
        "product_name": "Artificial",
        "locations": [{
            "location": "Living Room"
        }]
    }]
}