{
    "productPage_data": [{
        "routeId": "tiles",
        "product_data": {
            "mainTagline": "Look at our awesome Tile Designs",
            "subTitle": "Discover some unique tiles from our site",
            "recentProductSection": "true",
            "testimonialSection": "true"
        }


    }, {
        "routeId": "marble",
        "product_data": {
            "mainTagline": "Look at our Superb Marble Designs",
            "subTitle": "Discover some best marbles from our site",
            "recentProductSection": "true",
            "testimonialSection": "false"
        }


    }, {
        "routeId": "wood",
        "product_data": {
            "mainTagline": "Look at our fadu Wood Designs",
            "subTitle": "Discover some unique wood designs from our site",
            "recentProductSection": "false",
            "testimonialSection": "true"
        }


    }, {
        "routeId": "wallpaper",
        "product_data": {
            "mainTagline": "Look at our awesome Wallpaper Designs",
            "subTitle": "Discover some unseen wallpapers from our site",
            "recentProductSection": "false",
            "testimonialSection": "false"
        }


    }, {
        "routeId": "stone",
        "product_data": {
            "mainTagline": "Look at our awesome Stone Designs",
            "subTitle": "Discover some unique stones from our site",
            "recentProductSection": "true",
            "testimonialSection": "true"
        }


    }, {
        "routeId": "artificial",
        "product_data": {
            "mainTagline": "Look at our awesome Stone Designs",
            "subTitle": "Discover some unique stones from our site",
            "recentProductSection": "true",
            "testimonialSection": "true"
        }


    }]
}

